combined_text,label
"PIXELATE Bamboo Music Amplifier For Smartphones | Universal Design Bamboo Music amplifier for your smartphone Just place phone, and instantly enjoy enhanced sound Made from Eco-friendly, 100% natural bamboo Each speaker is unique and different as it is made from unprocessed material No bluetooth or power source needed Anti-tilting inclined stand Handmade sound amplifier works through passive sound amplification Great for hands-free calls and skype.",SPECIFIC
"Ecohome Disposable Wooden Coffee/Tea Stirrers for Home, 100% Biodegradable & Eco-Friendly Wooden Stirrers for Events, Celebrations, Party, Office (4.5,5.5 inches) (500, 4.5) EcoHome strives to contribute to a plastic free environment by supplying a wide array of alternative options to food and hospitality industry and help them stand up to their quality commitments with minimal damage to the environment. Our products give off no toxic chemicals associated with conventional plastic and in addition our products have been certified compostable. EcoHome's Wooden Disposable Tea / Coffee stirrer is biodegradable and is perfect for your daily household use, kitchen, events and birthday parties. Be assured, you're not contributing to the plastic waste from our products.",SPECIFIC
"By Madee: NEW Metallic Gold Foil Stamped Napkins Linen-feel Disposable Cloth Like Paper Napkins. Decorative Soft Absorbent Dinner Napkins For Parties Disposable Hand Towels 50 Party Napkins DESCRIPTION: Take your next gathering to the next level with artfully designed premium linen-feel napkins/guest hand towels by Madee.Set a stunning table with our premium quality linen-feel disposable paper napkin/guest towel set. These top-quality pieces feature bold, classic designs, and a level of quality that instantly elevates any gathering.Stunning design that’s at home in every room.Dramatic hot-stamped foil accents make a statement of modern style. Or choose clean, classic prints that mimic the look of real linen napkins. Either way you’ll create a look that’s perfect for a stylish table, or completely at home as guest towels in the bathroom or kitchen.Quality your guests can feel.Beauty is more than skin-deep. These soft-yet-sturdy napkins feel better because they are better—providing twice the absorbency of other napkins, and a quality feel your guests will notice instantly. Colors to match every mood. Our colorful accents help you set a stylish tone for any occasion: family gatherings, birthdays, professional events, holiday parties, bridal or baby showers—these napkins are always dressed for the occasion. Available in rose-gold, gold, silver, Holiday Gold and Holiday silverDisposable, recyclable, affordable, amazing.Uncompromising quality. Stellar design. Soft, absorbent feel. All in a convenient 50 pack at an unbelievable price. And if you don’t love them, simply return them - 100% guaranteed.",SPECIFIC
Leading Self: Leading for Social Responsibility and Sustainable Development,VAGUE
"Under The Nile Organic Cotton Unisex Baby Taco Print Side Snap Footie, 3-6 Months Organic Egyptian Cotton white baby side snap footie with taco print",SPECIFIC
"ArtzFolio Greys Family Dim Gray Colour Framed Dry Erase White Board | Magnetic Board Combo with Magnet Buttons & Markers | Natural Brown Frame 20 x 20 inch (51 x 51 cms) Magnetic Board; Natural Brown Frame || SIZE: 20 x 20 inch (51 x 51 cms): including 0.75 inch wide Natural Brown Frame HIGHLIGHTS: Multipurpose magnetic dry-erase white board with an elegant framing Combo of magnetic board, magnetic buttons, and dry-erase markers Ideal for use in home, offices, schools, and colleges FEATURES: Equipped with an easy-clean technology which prevents ghost marks, shadowing and glares Laminated board provides a smooth writing surface Use the board in both vertical or horizontal positions Easy to write on & wipe off Usage of non-permanent markers Rust & corrosion-resistant Framed, light-weight, and durable No assembly required - Pre-fitted with wall hanging hooks Engineered wood at the back for additional strength Hand-crafted, hand assembled, and made to perfection USAGE: Jot down your notes, reminders & to-do lists Useful for playing games, teaching & discussion forums Display board for your photos Hang it as a wall painting Keeps your space 100% clean & clear of paper clutter PRINTING: Breathtaking designs printed on the top laminated layer adds to its uniquely distinctive feature Premium materials printed with eco-friendly acid-free inks to capture every bit of image detail NOTE: Product pictures are not measured to scale, meant only for display purpose Product colours may seem varying on different computers or mobile screens due to their varying display resolution",SPECIFIC
"Smead End Tab File Folder, Shelf-Master Reinforced Straight-Cut Tab, Letter Size, Red, 100 per Box (25710) The industry standard for efficient shelf filing, these folders feature a reinforced tab for strength, embossed lines for easy label application and an undercut front panel for label readability. Popular for medical, dental and hospital filing systems as well as for very large records management systems in financial and insurance firms. Includes 100 letter size folders (12-1/4"" W x 9-1/2""H). Each folder has a reinforced straight-cut tab. Proudly made in the USA. Contains 10% recycled content, 10% post-consumer material and is SFI Sourcing Certified. A Rich Heritage of Innovation and Quality. A world-leading provider of solutions of efficient document management, Smead is a woman-owned company well-known for its high quality, environmentally responsible products and innovative organizational systems. For more than a century, Smead has been committed to one purpose: Keeping You Organized!",SPECIFIC
"LA Baby 4 Sided Changing Pad Ecru LA Baby's 32"" 4-Sided square corner style changing pad with Blended Organic Cotton Cover has 4"" high sides to keep baby safe at changing time. Features a non-skid bottom that prevents pad from sliding while changing baby and has an overall size of 32"" x 16"" x 4"". The deluxe Blended Organic Cotton fabric cover is waterproof, non-toxic, non-allergenic and luxurious to the touch. Safety harness for baby with a quick release buckle. Includes security strap for holding changing pad to changing table or dresser top. Proudly made in the U.S.A from domestic and imported sources. 1 year warranty.",SPECIFIC
"CHINDI BASKET by ABHIRAJ OVERSEAS Cotton Rope Baskets are exactly what you need to keep your household organized. We proudly bring to you the ultimate solution in decorative storage that is useful for: LIVING ROOM: Use them to store extra pillows, cushions, magazines, flowers, etc. BATHROOM: Keep your towel and washed clothes near the tub or shower as per the utility. NURSERY: The basket is really soft and gentle made from organic 100% pure Cotton so that your children are safe and will really enjoy putting their stuff and taking them out. Use it to keep your kids' room organized. It’s the perfect storage bins to store toys, clutter, junk, and unused blankets. BEDROOM: Store your bed pillows and covers at bedtime instead of throwing them on the floor or a chair. LAUNDRY ROOM: You can always use it as a laundry basket to keep your clothes, towels, put a blanket, and get things organized the easy way. J COTTON ROPE PLANTER: This small size planter basket is best suited as plant cover, tabletop planter, bedside necessities, bathroom accessories, cosmetics, and home décor purpose. This planter will highlight any dim corner of your house and will make it look awesome. These Cotton rope baskets are available in different sizes and colors. The basket is folded when shipping, but it will turn back to its elegant shape quickly and fill it with some towels or toys.",SPECIFIC
"Sun shaving double edge safety razor for men BLACK PLATING Made with highest quality material and carefully handcrafted for effortless shaving experience Meticulous designed to have perfect weight and ergonomic shape Ideally works straight on ingrown hair, beard, and mustache and gives a smooth shave Chrome plated brass construction Environmentally friendly and sustainable Solid, durable and cost-effective Pristine Shaving Guide – User manual included that directs you for perfect shave High quality - Its chrome plated finishing prevents from rust, tarnish and breakage. Its firm, non-slippery grip giving extra balance needed for close precision shave at every stroke.",VAGUE
"Smartwool Men's Smartloft Anchor Line Shirt Jacket Graphite XX-Large Mens Get ready for the mash-up you never knew you needed: our new Men's Smartloft Anchor Line Shirt Jacket. This Merino wool midlayer combines the DWR weather protection and 50% recycled wool insulation of our Smartloft collection with the technical benefits and style of our Merino-dominant Anchor Line collection. It offers lightweight, packable warmth and breathability even when wet—making it one of our best midlayers for skiing and cold-weather adventuring.",SPECIFIC
"Molshine 500 Yards (250yd/roll) Smooth Balloon Ribbon, Crimped Curling Balloon String Roll for DIY Holiday Venue Party Wedding Decoration, Gift Packaging -2Pack (Deep Purple) Specification: Material: environmentally friendly plastic ribbon size: L 500yards x W 0.2inch/450m x 0.5cm Reel size: L 3.34 x 3.74inch/8.5 x 9.5xm Weight: 160g/ 5.64oz/ 0.35 lb Available Color: Silver, Gold, Bule, Green, Purple, Red, Rose Red. Note: There is a risk of entanglement, children need to be completed under adult supervision. The balloon cannot be tied directly to avoid air leakage; it can be decorated The size is measured manually, there may be minor errors, which will not affect the use, please rest assured to buy.",VAGUE
"Varmora Crystal Virgin Plastic Bucket (Balti) 25 (23 LTR.) + Crystal Mug 1.5 LTR (Tr Orange, 2) Sturdy and Light Weight Made from 100% virgin material Modern and stylish design Availability of various colors Traditional Round shapeEye-catching Plain in Transparent Color give luxurious look Specifications In The Box :-Set of 3 Round Bucket 25 ltr (Ideally Use 23 ltr)With the endorsement of our adept professionals, we are engaged in offering a qualitative range of Varmora Balti Our buckets are acclaimed in the market for its remarkable quality and dimensional accuracy.These Varmora Balti Set are checked by our quality analysts in order to deliver a flawless range.Along with that, we provide the entire range of buckets in a variety of sizes as per demanded by our Clients. Strong and study product reusable for lifetime recyclable beautiful design made of (Product Material- PP (Polypropylene).High quality plastic serves as a perfect bucket for household application.The exuisite material utility provides a rugged product to users and also a longer life to the bucket.It is made out of long lasting durable and unbreakable plastic to add beauty to your home. A complete heavy duty,Varmora ultramodern design Bathroom Accessories.",SPECIFIC
"MYSTIQUE ORGANICS Certified Lab Tested N95 Face Mask For Outdoor, Dust & Pollution protection For Men & Women Why mystique organics n95 mask. Activated carbon filter: provides effective relief from levels of organic vapors. Exhalation Valve: Increased comfort -reduces heat and moisture build up multi-layered ultra protection: 6 Layers including activated carbon layer, hv electrostatic cotton dust layer and anti-bacterial layer to give better best filtration and comfortsmooth and comfortable fitting: get the perfect and most comfortable fit with ultra-soft fabric, adjustable nose bridge clip bar, and ear loops. With a unique 3D- cut design, we ensure that the mask is one size for all, and everyone can find a comfortable and snug fit. This mask is very warm and it's lightweight design allows us to fold and fit inside pocket when not in use adjustable nose-piece and a soft inner foam nose cushion help to ensure proper fit and increase worker comfort this mask and reliable.",SPECIFIC
SilkyKraftz Handcrafted Eco Friendly Reusable Red Jute Bag with Dancing Figures Handcrafted Eco Friendly Reusable Red Jute Bag With Dancing Figures.,VAGUE
"Starvis 1 pc 100% Cotton Summer Outdoor Unisex Toddler Kids Sun Protection Cap (6months - 1year) Adjustable Baseball Cap for Baby Boys Girls (Red) ""Starvis presents Baby accessories for your lovely babies- YOUR NEWBORN BOY GIRL/ BOY DESERVES THE SOFTEST, SAFEST, AND COZIEST PREMIUM ORGANIC NEWBORN HATS: We at Babywish understand the anxiety that comes with parenthood - we’ve been there ourselves! We also understand that new parents want only the VERY BEST for their little ones, there’s no need to worry – we’ve got you covered! Why Choose The Babywish Baby Hat? ✔ 100% Premium Natural Cotton Fabric✔ Exquisite stitching and sewing of this unisex baby hat, in combination with the non-fade colors.✔ Ultra Comfortable, Stretchy, And Soft– fit baby between the ages of 6 months to 1 year ✔ Stylish Knot On Top – Easy To Adjust To The Head Of Your Baby 6-12 Month Infant ✔ Classic Prints – Easy To Match With Boys’ And Girls’ Clothes ✔ Fantastic Gift Idea""",SPECIFIC
60Cm Lime Green Koop Bright Colored Plant Pots Large Medium Small Planters P Size name60cm colour namelime green product description stylish and contemporary this ecken kanten round flower pot is a handy allpurpose planter that will look good where ever you need it made from durable polypropylene lightweight and strong with thick walls give your dining room office garden patio or windowsill a splash of color with this great looking pot ideal for planting bulbs and a range of flowers or herbs to planting trees in the large one this is a tough performing planter that will give pleasure for many growing seasons these beautiful plant pots come in bright modern colors floor of pot is solid but drain holes can easily be drilled at the intended places if necessary with either a screw driver or a drill **** this a variation listing please select the colors and sizes you require **** features â made from durable polypropylene â the 60cm pot is 60cm diameter and 52 cm height box contains 1 pot,VAGUE
"Hanes Mens ComfortBlend EcoSmart Crew Sweatshirt, 2XL, Teal Colors, colors and more colors! Now this medium weight 7.8-oz fleece sweatshirt is even better, because it is made with up to 5% polyester created from recycled plastic.",SPECIFIC
"Toad&Co Camp Cove Short-Sleeve Shirt - Women's Like cold beer and sunscreen, this slub stripe button down is a summer staple. The Camp Cove Shirt has classic button down styling with a vintage camp collar that adds a nod of retro style. The open weave of organic cotton means that this lightweight top has lots of ventilation, so you can stay cool even on warm summer nights.",SPECIFIC
"Mind Reader SILSNACK3-PNK Food Silicone Reusable Lunch Containers Eco-Friendly Storage, Freezer Microwave Dishwasher Safe Leak, One Size, Pink 3 Pack Snack Bag",VAGUE
"aradhya & adharv Books Printed Cotton Classic fit T Shirt for Baby Boys red Color 0-6 Month W-20 Full Sleeves Round Neck with Buttons Factory Direct Sale Price Free Watch Rs199 aradhya & adharv brings clothing for you. Designed for a boy’s comfort, these are carefully made from 100% organic soft cotton. This baby boy t shirt is red color 0-6 month W-20 L-12 round neck with buttons full sleeves L-12 inch. Each color is pretty subtle and vibrant to look at and very soft and comfortable and no side effect on your baby skin. This tees is perfect from casual wear to party wear, we have it all.",SPECIFIC
"T65X 250-SHEET Input Tray Option LEX30G0801 Enhance printer functionality with high capacity option. Ideal for small to medium size printing jobs. Keeps paper stocked and ready for printing. Accessory Type: Paper Tray; Depth: N/A; Height: N/A; Length: N/A.PRODUCT DETAILS: -Pre-Consumer Recycled Content Percent [Nom]: 0 pct. -Accepts Paper Size: A4, A5, Executive, Folio, JIS B5, Legal, Letter, Statement, Universal. -Post-Consumer Recycled Content Percent [Nom]: 0 pct. -Total Recycled Content Percent [Nom]: 0 pct. -Global Product Type: Printer Accessories-Paper Tray. -Quantity [Nom]: 1 each. -Accessory Type: Paper Tray. -Sheet Capacity [Nom]: 250. Package: Includes one input tray.",SPECIFIC
"PURSEO Reusable Film Star Silk Jute Bag with Zipper & Handle for Shopping Beach Tiffin Grocery Multipurpose Eco-Friendly Tote / Hand Bag for Men and Women (Pack of 1) (Kindness Wins) “PURSEO"" is dedicated to helping people live sustainably. Operating under the principle is that nature and people can and should exist in harmony, PURSEO designs and produces tote bags that reduce social and environmental impacts. Whether you’re taking a trip to the beach, the grocery store, or anywhere PURSEO is the fashionable and environmentally conscious choice. What is the best kitchen reusable grocery bag? Answer:1. Natural;2. Stylish, aesthetic, fit for a variety of scenarios;3. Big enough ,4. Strong and durable；5. Have comfortable handles and pouch;6. Lightweight. How about our bag? Answer：1. Our woven bag is made of natural jute fabric. 2. Large capacity，perfect for storing your everyday essentials, groceries，wallet, phone, sunglasses and more. 3. It has a large pocket and a pouch. Jute fabric, cotton handles, rectangle bottom, can stand upright, handmade by skilled workers. Use as a daily bag and gift. Not only practical but also durable. 4.Our shoulder bag that has two pockets on the outside to slip you wallet and phone into so you only have to bring one bag with you when you go to the store. Comfortable handles around shoulder can be carried by hand or on one shoulder. 5.Our PURSEO jute bag is easy to mix and match with any outfit, being ideal for wearing on any special or casual occasion! Perfect for beach, pool, vacation, off day, concerts, festivals, shopping and more! Tips: *Jute is a natural fibre and it will shed slightly, which is not a quality problem. *Do not rub and wring dry when washing. *Due to the difference between different monitors, the picture may not reflect the actual color of the item. Thank you!",VAGUE
"Womens No Show Socks Non Slip Flat Boat Line Low Cut Socks (6 Packs) Black Gray White M Why should you choose our DIBAOLONG Cotton No Show Socks? ❤ 1.Natural and Eco-friendly: Comfort toe seaming, long lasting material that comfortable in all types of shoes ❤ 2.Breathable fabric: Provide much more comfort and breathable to wear ❤ 3.Very Soft & Skin care: Breathable fabric for a comfortable feminine touch ❤ 4.Wear-resisting: Long lasting material and comfortable in all types of shoes Comfort Human Factors and Ergonomics Using the high quality combed cotton, 3D cutting can be a goog relief of foot pressure. Provides more comfort and feel cool all day. Applicable on a Variety of Occasions and Season Whenever you are doing hiking,playing basketball/tennis/volleyball, heavy works ect. You can easily match no show socks with any sneakers, boat shoes, loafers and any low cut shoes. Suitable for any season and occasion to wear. Specification: ✔ Size: Free size 23 to 25cm, is suitable for women US shoe size 6 to 10. ✔ One size fits most for ladies, girls and adult or teens. ✔ Color: Each pack of our women's No Show socks includes 6 pairs with a different combination of colors.",VAGUE
"Vivid 50w LED Flood Light (Lens Model), 2 Years Warranty, Waterproof. (Pack of 5) Specification: LED Used: 1w with 50,000 burning hours life. Power Factor: Above 0.95 pf Fixture: Aluminum Pressure Die Cast with rust proof powder coating PCB: Metal Clad PCB with 1.50mm thickness and 35u copper thickness Lumens: 120-130 Lumen/Watt @angle of 120 degree Surge Protection: Upto 6 KVA Operating Voltage: 90VAC to 300 VAC Driver Efficiency: Above 90% IP Grade: IP65 certified. About Driver : Use High quality LED drivers (Indian made -Pyrotechnic and Taiwan Made) High reliability, Very High brightness, Easily replaceable by yourself after the warranty period using readily available drivers if LED driver fails. Hand assembled in India using high quality wires and other parts, High reliability, High Quality. About Warranty: 1. Items will be tested before shipping. 2. Two Year manufacturer's warranty for defective items (Excluding physical damaged by buyer). 3. Defective items MUST BE reported and returned within the warranty period. 4. We maintain high standards of excellence and strive for 100% customer satisfaction. Please Contact us if there is any issue with your order. We'll Do our best effort to resolve any problem for You. All Emails will be answer within 1 business day. About ViViD LED Products: LED Light products of ViViD LED are eco-friendly and cost-effective alternative. Durable with an average lifetime of 50,000 hours, Zero-Maintenance, and comes with the following Protections: Output Over and Under Voltage, Output Over current and Short Circuit, and Input High Voltage cut-off Reduce your carbon footprint. Save on electricity bill and maintenance costs. ViViD LED Products provide TWO years warranty in all LED Products.",SPECIFIC
"prAna - Women's Bon Vivante Dress, Nickel Wander, X-Large The prAna Bon Vivante Dress for women is made with an organic cotton and TENCEL Modal blend stretch jersey. Design features of this short-sleeve shirt dress include a back yoke with open detail, rolled cuffs, patch pockets, a novelty bottom hem detail, and a standard fit.",SPECIFIC
"Bubba Rose Happy Birthday Dog Cake (Blue) This delicious cake will make the perfect addition to your dog's birthday! No need to put in the fridge or freezer. Densely chewy in texture and made with organic ingredients! Peanut butter apple flavor. Includes a candle. Can not be personalized. 4.5""W x 2.25H Ingredients: organic oat flour, applesauce, molasses, honey, peanut butter, peanut oil, baking soda, vanilla extract, ginger and cinnamon. Topped with yogurt coating, vegetable coloring and carob. Guaranteed Analysis: crude protein (min.) 6%, crude fat (min.) 13%, crude fiber (max.) 6%, moisture (max.) 19%",SPECIFIC
"soul space Woman Organic Ll Tank/Tank Top Our Studio Line Has Been Specifically Designed For Yoga And Is The Most Comfortable Organic Performance Wear, It Flows With You Through Your Workouts And Your Movements. This Stylish Wrap Top Is Ideal For The Yoga Session, It Provides You Full Coverage As You Bend, Stretch And Breathe Through All Yours Asanas. Made With Organic Cotton Stretch Jersey.",SPECIFIC
"California Design Den Rayon From 100% Bamboo Sheets Split King, 5 Piece Sheet Set For Adjustable Bed, Incl. 2 Twin Deep Pocket Fitted Sheets, Soft & Cooling Dark Gray Sheets ( Split King , Dark Gray ) Experience the topmost luxury on this planet with these lusciously soft and silky sheets that will make it harder to go back to your old sheets. The rayon fabric made from 100% bamboo fibers is light, airy, and breathable, to keep you breezy in summers and comfortable when it’s freezing outside. They wick away moisture, sweat, and any sort of discomfort…in exchange of pure sleep. This silk-like fabric glides like a dream and retains moisture to keep your skin soft and supple. Perfect for those with sensitive skin. It also provides a cooler sleep experience than microfiber, viscose, silk, and other combed cotton alternatives. The sheets sets and pillowcases are designed for ease of use & convenience. The fitted sheet in the set has an all-around elastic that fits perfectly around the mattress. No creases or pleats fall out when you toss & turn at night. It also has a head/foot side indicator that tells you how to make the bed. Isn’t that great? Here’s another thing: Our split king sheets sets for adjustable bed are machine washable and remain softer and silkier after every wash. They don’t shrink, fade, and wrinkle when you promptly remove them from the dryer. All in all, an investment worth making. We promise.",SPECIFIC
"New Balance Men's M1340 Optimal Control Running Shoe,Blue/Silver,9 2E US The updated New Balance M1340v2 training shoe from is ready for your workout. The synthetic and mesh upper of this men's athletic shoe lends lasting comfort, while the full-length ABZORB� cushioning delivers exceptional support. An ACTEVA� Lite midsole�24% lighter than standard foam�and a T-Beam TPU shank for optimum torsional stability and arch support. Low-to-the-ground N2 technology offers responsive, durable, sustainable cushioning to every landing. The Ndurance� rubber outsole of the New Balance 1340 lightweight running shoe offers maximum durability, mile after mile.",SPECIFIC
"ADRO Mens Attack on Titan Cotton T-Shirt (S, Coral) This Summer Indian homegrown brand ADRO brings you the best quality 100% cotton Half Sleeve T-Shirts to keep you Stylish. Made in India Product for the Indian market at the Best Prices. Pair it with Jeans/Joggers or Shorts and this T-Shirt made of soft fabric will make other guys go green with envy. We at ADRO offers Top Quality casual wear in the widest variety which makes it easy to choose and at the prices that are easy to reach. ADRO products are made of Premium Fabrics which are Eco-Friendly to ensure the Best Quality and Great Comfort. ADRO deals in Men's Sweatshirts, Men's Printed T-Shirts, Full Sleeve T-Shirts, Polo T-Shirts, Hoodies for men. We also in plan to add Men's Shirts, Jeans and Chinos/Shorts to keep you updated with trends. ADRO - Keep Inventing",SPECIFIC
"Playa Rug Reversible Indoor/Outdoor Recycled Plastic Floor Mat/Rug - Weather, Water, Stain, Fade and UV Resistant - Venice- Black & Gray (4'x6') 100% RECYCLABLE- Our 100% recyclable eco-friendly rugs are made up of recycled plastic straws. Our tightly woven outdoor rugs are durable. Our recyclable plastic rugs are woven with high-quality workmanship and at the same time give a soft and comfortable feeling.",SPECIFIC
"TUMI - Merge Continental Front Lid 4 Wheeled Carry-On Luggage - 22 Inch Rolling Suitcase for Men and Women - Black For the eco-conscious traveler, this recycled carry-on is TUMI-engineered and tested for durability and ease of use. Designed to meet the carry-on size requirements for domestic and international travel, it features zip expansion for added space whenneeded, while thoughtfully placed pockets help you keep your essentials organized. Made with fabric engineered from post-consumer recycled bottles and post-industrial recycled nylon, TUMI Merge seamlessly brings together the design innovation youve come to expect from TUMI with forward-thinking sustainable practices.",SPECIFIC
"Movariete Back Cover Case for Samsung Galaxy M12 / A12 / F12 (Hybrid TPU & PC | Smoked Back) (Green) This Movariete back case cover designed for Samsung A12 5G made by eco-friendly material, Having transparent back provides elegant look without hiding the back of your phone. Having sides covered with rubber grip to provide anti slip grip and drop protection. Very light weight and precise cutouts gives premium feel. All buttons are easily accessible after putting cover, camera and screen protection with raised lip along the screen edge to keep your screen away from scratches and contact with flat surfaces. This is a perfect fit for your precious cellphone",VAGUE
"Lunarable Flamingo Window Valance Pack of 2, Exotic Pastel Birds Pattern Animals Paradise Love Romantic Repetition, Rod Pocket Curtain Valances for Kitchen Bedroom, 54"" X 18"", Pale Pink MEASUREMENTS - 54 inches wide x 18 inches long. 2 pcs set, 1 panel valance. Decorative home accent for window.FEATURES - 2.5-inch rod pocket. Fits any type of rod up to 2.5 inches. Valances are not blackout.MADE FROM - High-quality silky satin polyester. Provides soft touch in kitchen living room bedroom.MACHINE WASHABLE - On cold delicate cycle, tumble dry low, iron on low heat. Unique. Genuine. FUN.ADDS GREAT PERSPECTIVE - Bold graphics printed with state of the art digital printing technology.Window valance for your kitchen, living room, dining room, bedroom, kids and dorm rooms. Matches well with various color palettes of curtains, rugs, furniture and any other home decor accent accessories. Made from high quality 100% polyester tight woven, Turkish made, silky satin fabric. They can be gifted to your mom, dad, sister, brother, grandma, grandpa, wife, son, daughter and other beloved ones with 10's of thousands of designs. You can also find matching curtain panels in our Amazon Collection. As manufacturers of printed home textiles, we follow current trends and bring you the latest home fashion. Environmentally friendly, no dye substance harming the health of your family. Either a present to your family, friend, relative, boyfriend, girlfriend or yourself, the item should be interesting, authentic. Men, women, kids, teens, boys or girls everybody will love them! Anyone from any profession will be thrilled by the difference these curtains bring to their house decor. Due to manual measurement, please kindly allow a 1-2 cm discrepancy. The digital images we display have the most accurate color possible, however, due to differences in computer monitors, we cannot be responsible for variations in color between the actual product and your screen. No hardware is included.",SPECIFIC
"ADRO Men's Cotton USA Flag Printed T-Shirt Rnrfla_Orange_S This Summer Indian homegrown brand ADRO brings you the best quality 100% cotton Half Sleeve T-Shirts to keep you Stylish. Made in India Product for the Indian market at the Best Prices. Pair it with Jeans/Joggers or Shorts and this T-Shirt made of soft fabric will make other guys go green with envy. We at ADRO offers Top Quality casual wear in the widest variety which makes it easy to choose and at the prices that are easy to reach. ADRO products are made of Premium Fabrics which are Eco-Friendly to ensure the Best Quality and Great Comfort. ADRO deals in Men's Sweatshirts, Men's Printed T-Shirts, Full Sleeve T-Shirts, Polo T-Shirts, Hoodies for men. We also in plan to add Men's Shirts, Jeans and Chinos/Shorts to keep you updated with trends. ADRO - Keep Inventing",SPECIFIC
"Istore Bird Shape Toothpick Holder - Automatic Toothpick Stick Dispenser - Unique Toothpick Storage Box Bird Automatic Pressing Toothpick Holder Smart Toothpick Dispenser(Yellow Bird). Material: ABS Plastic, Size: 7 × 9 × 10 cm Unit weight: 100g. Features: Unique shape, press design, triangular anti-skid bottom. Press-type design: The dispenser has a press-type design, which is hygienic and practical. It is also easy to use. Large capacity: The toothpick dispenser is small but has a large capacity, so it can accommodate a large number of toothpicks. The uncovered design is easy to take out the toothpicks and it is convenient to clean. Durable Material: The dispenser has environmentally friendly food-grade material, which is more durable. The dispenser features a smooth surface, fine workmanship without burr, and a split design. You don't need to worry about the problem of its break-in daily use. Large Capacity: The toothpick dispenser is small but has a large capacity, so it can accommodate a large number of toothpicks. The uncovered design is easy to take out the toothpicks and it is convenient to clean. Environment-Friendly Material: The dispenser adopts the environmental food-grade ABS, which is hygienic and practical. The material is solid enough.",VAGUE
"Onbay1 Portable Practical Reusable LCD Writing Drawing Tablet Board Tablets Material: PlasticColor: Black, Blue, PinkSize: 4.4inch/8.5inchProduct Type: LCD Writing TabletUsage: Writing, DrawstingOccasion: Home, OfficeQuantity: 1pcsFeatures:Non-toxic, environmentally friendly and healthy.Can be used as an early education toy, dictation board, calculation paper, drawing board, message board, etc.Reusable, no oil, no ink, no dust, one button clear.Suitable for children playing.Package Content: 1 x LCD Writing TabletNote: Due to the difference between different monitors, the picture may not reflect the actual color of the item.",VAGUE
"La Purse Pashmina Shawl Scarf - Warm & Extremely Soft - Size 79"" L X 29"" - Eggplant La Purse is proud to bring you our new Pashmina Shawl Collection. A silky soft and warm pashmina is the perfect fashion accessory for any season, event, and occasion, adding that finishing touch to your outfit. As you wrap yourself around with one of our new pashminas, you_ll be pleasantly surprise with how comfortable, light, and incredibly soft they_ll feel. Indeed, running your fingers through the fabric will feel as soft as feathers. Feel great, and look stylish and fashionable without spending a fortune! We are sure you_ll be 100% satisfied with our new Pashmina Shawl Collection. Made out of organic viscose, our pashmina shawls will feel extremely soft to the touch. Available in more than 80 rich colors, our pashmina shawls are the synonym of luxurious but without the price.",SPECIFIC
"Greendale Home Fashions Indoor/Outdoor Chair Cushions, Kiwi Green, 20-Inch, Set of 2 OC6800S2-KIWI Color: Kiwi Green Features: -100pct Polyester.-UV-resistant outdoor fabrics.-Filling material uses 100pct recycled, post-consumer plastic bottles.-Modern prints for contemporary styles.-Circle tufted with string ties to fasten securely to your outdoor furniture.-Fits standard outdoor furniture.-4"" H x 20"" W x 20"" D, 8 lbs. Includes: -Set includes 2 cushions. Construction: -Overstuffed construction for extra comfort and longevity.",VAGUE
"The North Face Boys' Printed Reversible Mount Chimbo Full Zip Hooded Jacket, New Taupe Green Explorer Camo Print, L The Boys' Printed Reversible Mount Chimbo Jacket has versatility in spades. Depending on his needs and style, he can choose a water-repellent 100%-recycled shell fabric or a plush, 100%-recycled fleece. Insulated with Heatseeker Eco, it is also zip-in compatible with other products from our Mix & Match collection.",SPECIFIC
The Organic Handkerchiefs Company Set of Unbleached Organic Cotton Hankies Small,SPECIFIC
"Dehman Handmade Fully Reversible Luxuries Pure Satin Hair Bonnet satin sleep cap Safe For All Hair Types - Most Beneficial Hair care Product Available 2020 (ORANGE) DEHMANSilky Satin originated in India and it is an honor to present this ancient oriental gift to you. The collective wisdom of the sericulture people of this land has been condensed DEHMAN has always adhered to its original heart from generation to generation. From raw satin silk material collection to processing and to finished products,each step is carefully selected. DEHMAN hopes that every customer will have a wonderful satin silk experience and enjoy the silky noble life. Why Choose DEHMAN Satin Bonnet Sunset ? Material：DEHMAN Silky Satin is crafted by 19 momme pure mulberry silky Satin. one sides of the Satin Bonnet Sunset is organic and natural satin silk.Light weight and easy to carry. Design: It is designed with Strip closure.With Regular fit various kinds of colours. Quality：Superior durable plain color ,not easy to run after washing.Exquisite craftmanship of the neat stitches. Benefits:DEHMAN pillowcase is the most natural anti-aging product, hypoallergenic,smooth,soft,breathable. Prevent hair from becoming knotted and matted,have good sleeping,reduce facial wrinkles.It takes you into a beautiful dream.Enjoy the sweet sleep and comfortable daily！ SATIN SILK INSTRUCTION: Dry cleaning or washing by hand are the best methods for cleaning silk for longer use time.Machine wash accepted, please useOur Satin Bonnet Sunset are hypoallergenic and made from the finest 100 percent pure charmeuse satin silk. Compared to cotton pillowcases, silky Satin dries out skin and hair comparably less and are recommended by dermatologists to minimize wrinkles. Our satin silk is smooth and dissipates static electricity which makes it a perfect material for combating morning bed hair and frizziness. Can be hand washed but also durable enough to withstand repeated machine washing on delicate settings. Air drying is recommended as excessive heat can damage satin silk.",VAGUE
"FullGood Newborn Infant Baby Girl Clothes Floral Ruffle Sleeveless Bodysuits Romper Jumpsuit Summer Outfit Set Dresses White 6-12M Our Baby Girl Clothes made of premium organic cotton fabric,features beautifully designed and adorable prints.Make baby's dress time more funSize Chart3-6 Months£ºrecommended baby height:26""--------Chest 19.7""----Length 15.7""6-12 Months£ºrecommended baby height:28.7""--------Chest 20.5""----Length 16.5""12-18 Months£ºrecommended baby height:31.5""--------Chest 21.7""----Length 17.7""18-24 Months£ºrecommended baby height:35.4""--------Chest 22.4""----Length 18.5""",SPECIFIC
"Fab Habitat Hand Hooked Area Rug - Stain Resistant, PlushUnderfoot, Wool-Like Texture - Premium Recycled Polyester Yarn - Abstract Floral - Kitchen, Hallway - Glamis - Mustard Yellow - 2.5x 8ft Runner Fab Habitat's Collection of meticulously hand hooked P.E.T rugs will make a stunning and vibrant addition to your home's interior design. These high-density, heirloom quality rugs are built to last by expert artisans who masterfully weave together fine threads to create an intricate hoop pile. Made from recycled plastic bottles, these rugs are designed with our promise of creating eco-friendly products and sustainable products that are safe for you and the environment. Featuring exquisite texture and dimension, these area rugs have an ultra soft and durable pile that will ensure comfort underfoot. Designs for all homes and styles, from striking monochrome prints that will enhance a minimalist Nordic decor to ornamental Paisley motifs that will be sure to create an intriguing centerpiece in both eclectic and traditional homes. It's time for a refresh!",SPECIFIC
"WILLFE Pure Cotton Reusable Digital Printed Designer Mask with Melt Blown Filter Cloth Face Mask,Light Weight, Breathable And Skin Friendly for Men & Women, Multicolour, Pack of (5, MILITARY) WILLFE cotton Fabric Fashion Face Mask with 4 Layer and Super Spandex Earloops. Reusable & Washable Fabrics. Breathable and Comfort. Skin Friendly, Light Weight & Soft.Organic Cotton mask Reusable 4-Layer Cloth Mask for Men & Women new design (1 Set of 5) (Blue lining with White Coloure) Are you looking for a cotton face mask reusable and washable?Face mask for men?Face mask for women?Cotton face mask for women and men?Then we have the perfect 4 layered, breathable Cotton mask for you, which provides excellent protection against foreign particles. 4 Layer Protective Formal MaskFIRST LAYER: Pure Cotton FabricMIDDLE LAYER: Spunbond Non Woven Filter Fabric (SECOND & THIRD LAYER FILTTER FABRIC FUSED (STUCK) WITH FIRST LAYER COTTON FABRIC)INNER LAYER: Pure Cotton FabricEAR LOOPS: Super Soft Spandex Washable & ReusableThe masks are washable and reusable up to 40-50 times. Simply dip in sanitized water/liquid and pat dry. Remember to not 'rinse' the masks. Machine wash should be strictly avoided.Revolutionary design with 4 layers and inbuilt nose clip for extra grip and protection. Spun bound non woven layer helps in filteration. Soft elastic bands have been used that give added comfort.",SPECIFIC
"New Jammies Baby Boys' Organic Cotton Snow Owls, Blue, 12 Months",SPECIFIC
"Alexander Del Rossa Men’s Faux Fur Coat - Boxy Style with Pockets, Stand-Up Collar, Button Front, X-Large Steel Grey (A0203STLXL) Winter is coming...Embrace your inner wild and brave the winter chill in the most stylish way possible! Made of the highest quality faux fur, our plush coats are just as soft as real fur and can easily be mistaken for the real thing. Our super chic, fluffy, and irresistibly plush faux fur coat is warm enough to brave the elements while adding an edgy rocker twist to any outfit. With faux fur this soft, this fierce style is sure to become a fast favorite in your winter wardrobe.Look cool while keeping those paws warmOur super plush faux fur coat features large, roomy pockets that feel like cozy, built-in mittens and will keep you warm throughout the chilliest of nights. For added warmth, all of our faux fur outerwear is lined to keep you insulated in the harshest of climates. A convenient, button-up closure allows you to easily switch up your look. Featuring a stand-up collar that can be worn up or folded down, this stylish coat is a true statement piece that looks great over just jeans and a t-shirt as well as more dressy duds.Show some love to your furry friendsWe love our animal friends! We are on a mission to do good, which is why we make our stylish outerwear out of premium, super soft and eco-friendly 100% faux fur. We never use real fur! Wear your coat with pride knowing that no animals were harmed so you could look fierce and fashionable.Taking care of your faux fur apparel is quick and easy - simply hand wash in cold water and hang dry. Functional Features -Plush faux fur fabric -Modern, boxy style cut -Classic stand-up collar -Button-up front -Long length for easy movement -Full length sleeves to keep you warm -Hidden, roomy pockets -Chest pocket with invisible zipper -Durable stitching for lasting comfort -Fully lined for maximum warmth -Hand wash in cold water and hang dry",SPECIFIC
"Generic 10Pcs PVC Photo Frame Backs Stand Display Racks A Description:100% brand new and Good quality, these are acid free environmentally friendly PVC photo frame backsMade of hight quality material is durable10 Pieces Display Easel Stand Pedestal Picture Photo Frame Holder.It is suitable for holding photo frame or picture frame.Adjustable decorative display stands can be used in photographic studio or at home.Specification:Material: PVCColor: Black;A39; Holder Stand: Bracket size: 8.5x2.5cm,Supporting Accessories: 2.5x1.6cm;B; Holder Stand: Bracket size: 14x3.0cm,Supporting Accessories: 3.0x1.8cmPackage Includes:10 Pieces Photo Frame StandsNote:Due to the difference between different monitors, the picture may not reflect the actual color of the item.Due to manual measurement, there may be 1-2mm error in size. Wish you a happy shopping!",SPECIFIC
"Avvic mart red color Glass Water Bottle, Stainless Steel Lid, Fridge and Office 850ml, Transparent (2) AVVIC MART Flip Top Glass Water Bottle -850 ml Heavy Duty Construction: The resealable glass bottles are made to last. They are made from durable glass which offers superior resistance to impact and temperature changes. Stainless steel wire closure and polypropylene caps offer excellent rust resistance and won't chip or peel like chrome Safe for You & The Earth Materials used for making our bottles are 100% non-toxic, recyclable and safe for the environment. They are BPA free, lead-free and phthalates free which makes them a safer storage solution compared to plastic. By using this reusable glass bottles, you are cutting down the use of plastic in your home Secure & Leak Proof Cap Our glass bottle with stopper lets you store oils, beverages and every other liquid securely without worrying about messy spills. Clamp closure offers airtight preservation of liquids, making it perfect storage solution for wines, spices and condiments",SPECIFIC
"Kidbee Baby Boy's & Girl's Organic Cotton Anti Slip/Anti Skid Socks (Girls (Pack of 10), 12-18 Months) Soft cotton stylish socks for kids. Your kids will fall in love with the soft texture of the fabric. These socks are lightweight, super soft and very cozy for kids. Perfect for cuddling up or running around. Cute, cozy and above all, cozy for delicate kids feet, these pastel shade kids socks, soft fabric in the socks for fit. Let kids enjoy their fashion accessories now, composition: cotton casual cozy socks, lightweight and durable, daily wear socks, free size socks, cozy all the day. Anti Skid Grip Dots at the Bottom it's Help prevents the baby from falling and improves stability.",SPECIFIC
"Goblet 1000 ml pack of 6 cork water, juice, milk bottle for home & office MULTI 1,multicolour(G15) glass Bottles feature incredibly high-quality, elegant long-neck glass bottles. Whether making your own craft beer, soda, or even water, our bottles make it easy to store your beverages, oils and so much more. Each bottle comes with its own reusable and easy-to-remove flip top cap so that you can reuse your bottle over and over again. Item Specifications: 1000ml Capacity per Bottle Flip Top Caps for Each Individual Bottle 12"" Tall x 3"" in Diameter Glass Bottles with stopper made of nontoxic materials are 100% recyclable and environmentally responsible.",SPECIFIC
"Sticker Hub Melissalove White Clouds & Hot Air Balloon Wall Sticker (98 cm x 186 cm) BS745 Sticker Hub Melissalove White Clouds & Hot Air Balloon Wall Sticker (98 cm x 186 cm) 100% brand new and high quality.Material: Vinyl. Color & Size : which is shown in the picture.Removable, Re-positionable, Eco-friendly High quality, Waterproof and durable material, Life 4-7 Years Note : If you need to move the stickers after they have been applied; remove the sticker carefully to avoid damage. The sticker can be reapplied, but its adhesive properties may be reduced.",SPECIFIC
"ADRO Men's Cotton Custom Biker Rider Printed Full Sleeve Hooded Neck Sweatshirt (Red, XL) This winter Indian homegrown brand ADRO brings you the best quality 100% cotton hooded sweatshirts to keep you warm. Made in India Product for the Indian market at the Best Prices. Pair it with Jeans/Joggers or Shorts and this sweatshirts/hoodie made of soft fabric will make other guys go green with envy. We at ADRO offers Top Quality casual wear in the widest variety which makes it easy to choose and at the prices that are easy to reach. ADRO products are made of Premium Fabrics which are Eco-Friendly to ensure the Best Quality and Great Comfort. ADRO deals in Men's Sweatshirts, Men's Printed T-Shirts, Full Sleeve T-Shirts, Polo T-Shirts, Hoodies for men. We also in plan to add Men's Shirts, Jeans and Chinos/Shorts to keep you updated with trends. ADRO - Keep Inventing",SPECIFIC
"Muslin Unisex Bathrobe,Turkish 100% Cotton,Soft, Absorbent, Natural Garment Wash (Mulberry, Large/X-Large) ✔Unisex Bathrobe.✔Made of 100% cotton muslin ( four layers) fabric★★Made in Turkey.✔Extra absorbent, soft, lightweight, durable, does not show inside✔With pocket and belt✔It is produced without using plastic in its raw material and packaging with sustainable life.✔Perfect recyclable gift box ✔Stylish design✔Garment Wash . It was washed after sewing to fix the dimensions.✔The most special gift for you and your loved ones ★★Relaxation is key to a healthy life, and you can’t relax unless you are comfortable. Order this muslin robe today so that you can relax no matter where you are and no matter who is around.",SPECIFIC
"Comic Giraffe Shower Curtain Funny Animal Creative Watercolor Giraffe Blowing Bubble Gum Home Bathroom Decor Quick Dry Fabric with 12 Hooks，70x70 Inch，Pink Brown Highlights: - machine washable - 100% polyester - shower curtain hooks included - reinforced hook-holes - eco-friendly - Not faded Measurements: - 70 x 70 inches /180cm x180cm Due to manual measurement, please kindly allow 1-3 cm discrepancy. The digital images we display have the most accurate color possible but due to differences in pc monitors, we can't be responsible for variations in color between the actual product and your screen.-3D printed",SPECIFIC
"Kiara Creations Dinner Dining Table 1 Placemat 100% Cotton Designer Jacquard Collection, Machine Washable, Anti-Skid Everyday Use The placemat is made of environmentally friendly material. -It is simple and convenient to scrub directly with water. No ironing, no fading. -The table mat is heat-resistant. About Our Products : We are passionate about providing premium quality products. As much as we care about the quality of our products, we are also equally passionate about providing all our customers a great buying experience. We bring our expertise in Home and Fashion sector in the Indian Market. You can buy our products with confidence.",SPECIFIC
"Ambesonne Video Games Duvet Cover Set of 2, Monochrome Sketch Style Gaming Design Racing Monitor Device Gadget Teen 90's, Decorative 6 Pcs Bedding Set with 4 Shams, California King, White and Black Makeover and refresh your bedrooms every season with just a single touch! Start with these fun and decorative Duvet Cover Sets. These unique designs match well with various color palettes of your rugs, curtains, headboard, furniture, and all other decor accessories. Set Includes: 2x Duvet covers + 4x Pillow Shams. The duvet cover has a hassle-free hidden zipper and the shams have envelope closures. Very durable and sustainable material which will not endanger your health or the environment. No chemicals used, No dye substance harming the health of you or your family, %100 recyclable environmentally friendly fabric. Colors won't fade thanks to new digital printing methods. Make a difference and change the look of your your room, guest room, hotel room. Also a perfect gift idea for your mom, dad, sister, brother, grandma, wife, husband, and all other beloved ones with many of surprising designs. You can find a design for everybody and every interest in our Amazon collection. They will be shocked by the superior quality of the item when they open the present. Customized, personalized products are very popular. As manufacturers of digital printed home textiles, we follow current trends and bring you the latest home fashion. Either a gift to your family or friend, relative or boyfriend girlfriend, or to yourself, the item should be interesting and authentic. The digital images we display have the most accurate color possible, however due to differences in computer monitors, we cannot be responsible for variations in color between the actual product and your screen. Due to manual measurement, please kindly allow 1-2 cm discrepancy. Care Instructions: Machine wash with cold water; Do not bleach. Tumble dry on low heat. Iron on medium heat. The Duvet Cover and Pillow Shams are printed on the front side only the back of them are plain white colored. This is only the Duvet Cover, sold without the Comforter.",VAGUE
"ArtzFolio Greys Family Light Gray Colour Framed Dry Erase White Board | Magnetic Board Combo with Magnet Buttons & Markers | Black Frame 12 x 12 inch (30 x 30 cms) Magnetic Board; Black Frame || SIZE: 12 x 12 inch (30 x 30 cms): including 0.75 inch wide Black Frame HIGHLIGHTS: Multipurpose magnetic dry-erase white board with an elegant framing Combo of magnetic board, magnetic buttons, and dry-erase markers Ideal for use in home, offices, schools, and colleges FEATURES: Equipped with an easy-clean technology which prevents ghost marks, shadowing and glares Laminated board provides a smooth writing surface Use the board in both vertical or horizontal positions Easy to write on & wipe off Usage of non-permanent markers Rust & corrosion-resistant Framed, light-weight, and durable No assembly required - Pre-fitted with wall hanging hooks Engineered wood at the back for additional strength Hand-crafted, hand assembled, and made to perfection USAGE: Jot down your notes, reminders & to-do lists Useful for playing games, teaching & discussion forums Display board for your photos Hang it as a wall painting Keeps your space 100% clean & clear of paper clutter PRINTING: Breathtaking designs printed on the top laminated layer adds to its uniquely distinctive feature Premium materials printed with eco-friendly acid-free inks to capture every bit of image detail NOTE: Product pictures are not measured to scale, meant only for display purpose Product colours may seem varying on different computers or mobile screens due to their varying display resolution",SPECIFIC
"Ruchi Handlooms Cotton Handmade Cushion Cover, 12 X 12 Inch, Set of 4_RCHHNDLM038 100% Made in India These MADE IN INDIA, alluring designed cushion covers - provides you the perfect amalgamation of authentic Indian culture and the modern ideas trending in the prevailing business. Compared with other commodities, the products produced in India have known to be efficient in every way. Whether it's about quality or sustainability, Indian goods were on top of that.",SPECIFIC
"６ Pack Beeswax Reusable Food Wrap by Chasehill | Organic, Sustainable,Washable for Storage of Bread & Meals, Sandwich| BPA Free Bees Wax Eco Wraps (Multi-Color, 6) 3- PACK REUSABLE BEESWAX FOOD WRAPS: This Reusable Beeswax Food Wrap is Natural and eco-friendly, made from organic cotton, beeswax, organic jojoba oil, and tree resin, definitely no harmful to human body and environment, it’s best for sandwich storage because of breathable，easy to use and clean up, the warm of your hands is all it takes to form your wraps to any shape. Once the wraps cool down, they hold a nice seal for a bowl or left-over food. Just hand wash with mild soap and air dry, Just don’t contact hot water！ It’s really the kitchen storage Expert, just get one for your kitchen! What’s in the package? The Package includes 3 Pack Beeswax Reusable Food Wrap with 3 Sizes and 2 patterning, here is the Beeswax food Wrap Sizes and Patterning: (14x13”)-1 pc bees patterning (10x11”)-1pc bees patterning (7x8”)-1pc bees patterning Caution: ●Do not use with Raw meats such as fish or beef. ●Clean wraps with cool water and little to no soap. Let the wraps air dry after washing. ●Do not store in areas which are below 20F and above 100F. ● Use the heat of your hand to shape the wraps.",SPECIFIC
"Meri Meri Terrazzo Duvet Cover (US) Made from soft organic cotton and decorated with a beautiful terrazzo pattern, this duvet set is ideal for sweet dreams.",SPECIFIC
"Clever Yoga Non-Slip 6mm Yoga Mat - Blue Are you tired of a stinky, slippery and super heavy yoga mat? Give eco-friendly Clever Yoga mat a try. You will notice it is super lightweight and portable, at only 2 pounds, with ultra cushion and thickness (6mm), easy on your knees and elbows while you practice yoga, pilates or other mat exercises. The moisture resistant technology provides you with a water-proof surface and closed-cell construction. So, moisture and germs are prevented from absorbing into the mat. Your mat will not be stinky after your sweaty yoga practice. Just wipe it clean with a wet soft cloth or just hose off the sweat. Full Disclosure: Most of our customers use yoga towels when they practice hot yoga and sweat heavily because a wet mat will make some squeaky sounds as you move, which is normal for all of the mats on the market. The difference is, you can just wipe your sweat off during practice if you do not like to have a towel on your mat. Your “Clever Yoga” yoga mat is made from premium 100% recyclable and eco-friendly TPE material which is UV resistant, odor-less and free from PVC, phthalates, silicone, latex and other toxic materials. You know you are safe to practice on it with a peace of mind. At Clever Yoga, we want you to be 100% satisfied with our products and service. If you are dissatisfied at any time in the future, our special ""Namaste"" warranty provides you with a no-questions asked 100% money-back refund or free replacement. We stand behind our promise. We are only an email away and personally read and respond to every inquiry. Customer satisfaction is our #1 priority. So order your mat now and when you do, consider getting more than one – these make great gifts for friends and family.",SPECIFIC
"UR Impressions OGrn Hulk Smash Decal Vinyl Sticker Graphics for Cars Trucks SUV Vans Walls Windows Laptop|Olive Green|5.5 X 5.3 inch|URI586-OG Brought to you by UR Impressions LLC and made in the United States, UR Impressions was created for you, to give you a way to express yourself and be you through vinyl art. UR Impressions brand decals are die cut and made with a high gloss* polymeric calendered vinyl film that is suited for outdoor or indoor uses. This vinyl film is great for applications requiring flexibility, durability, resistance to sunlight - more durable than a paper sticker and may last up to 6 years outdoors. These decals apply similar to a temporary tattoo and are designed to be installed at temperatures ranging from 50°F/10°C - 90°F/32°C to clean, smooth surfaces: vehicles, boats, motorcycles, scooters, RV's, ATV's, surfboards, skateboards, residential or commercial windows, laptops, tablets, computers, interior walls, and much more. When the time comes the decals are removable with the use of a hair-dryer or heat gun, and leave no damaging residue. Any residue left behind can be cleaned using a terry cloth towel with mineral spirits or automotive adhesive remover (we recommend 3M.) However, once removed the decal is not reusable. All decals are packed in 100% recyclable rigid envelopes or cardboard tubes to help minimize our carbon footprint. Application instructions are also provided to guide you with your installation. Have a question, looking for a different color, need a custom size, or a custom design? Drop us a line, we'll be happy to assist - or check our FAQ and Help pages for more product information, installation tips, and in-depth application instructions. BE confident with your purchase - all UR Impressions decals are backed by a 30-day replacement plan (see legal disclaimer for details). Remember, UR Impressions is here to celebrate you and your uniqueness - so get UR's today. *Matte finishes may also apply and are noted in description of product.",SPECIFIC
"NILAY 1 Pc Eco-Friendly Natural Bamboo/Wooden Chopping Cutting Board with Handle (24*34 cm) DURABLE & SAFE - Perfect for vegetable chopping, slicing fruits, cutting meat, bread, cheese, herbs and more. High quality bamboo resists knife cracking and warping. Rounded corners and edges makes for easy handling.GREAT FOR FOOD SAFETY - High quality cutting board made from 100% premium bamboo with no added dyes or stains which is toxin free and has natural anti-bacterial properties.EASY TO CLEAN & STORE - Less work to clean than wood cutting boards. Simply wash with warm water and soap and air dry. Easy to grip finger hole for easy carrying or hanging for storage.GENTLE ON KNIVES - Bamboo is strong and dense as hardwoods, but unlike glass or plastic cutting boards, won't dull your kitchen knives.Package included: Wooden Chopping Board",SPECIFIC
"HAYC Transparent Glass Teacup and Spoon, Enamel Handmade Lead-Free Roses and Butterfly Coffee Cup Mother's Day Gift, Unique Creative Christmas Birthday Gift. Best Female Gift (Red Rose（high） Product; glass cup + spoon Material; environmentally friendly metal + crystal glass Capacity; short cup 320ML / high cup 350ML Our experienced craftsmen use 100% healthy, environmentally friendly, safe and durable materials to make this glass coffee cup. The vivid colors of the handle, base and spoon do not fade, and even if you use it every day. In ancient Greek mythology, the rose combines love and beauty. The rose attracted the arrival of the butterfly and danced on the cup.",SPECIFIC
"BCandle 100% Beeswax 6-Hour Candles (Set of 36) Organic Hand Made - 11 Inches Tall, 1/2 Inch Thick; Tapers - These organic beeswax candles have been produced Handmade. They are charged with positive mental images. - Simple burning of these candles cleanses the space from negativity and protects from psychic attacks. Also ideal for fire meditation and clearing the mind. - It is important to remember that according to the Institute of Social Ecology studies (St. Petersburg, Russia), natural beeswax, while burning, vibrates at the frequency of the spinal cord. Also great for: - meditation and prayer - energy cleansing and healing - romantic dinner - after work chill-out A burning organic beeswax candle creates a remarkable atmosphere of peace and joy. - The bright flame of a beeswax candle produces the same beautiful light spectrum as the sun. For each pound of beeswax provided by a honey bee, the bee visits several million flowers and consumes 10 pounds of honey. - Each candle will vary in shades of gold depending upon the flowers foraged and where the wax was used in the hive. - Over time beeswax develops ""bloom"", a white powdery fog on the surface of the wax. It is not a flaw but a natural occurrence of the wax. ATTENTION: this product is not ear candles",SPECIFIC
"YONGQIANGX 4 Pairs Women's No Show Peep Toe Sock Cotton Low Cut Non Slip Shoe Liner Open Toe Socks (4 Colors) These are truly no show socks and fit well when you wear the peep toe heels. Made of high quality cotton and it is comfortable in summer months. No worries about the sweat when you wear flats or high-heeled shoes. Organic cotton is well breathable, absorb the sweat efficiently.",SPECIFIC
"Areca Leaf Plate - Disposable Plate - Natural and Biodegradable Plate - Round Plate 12 * 12 Inches Plate (Pack of 10) Areca Ecofriendly dinnerware offers an eye-catching, economical and green alternative to traditional plastic disposable utensils. Our flatware and plates are made from heavy weight birchwood or palm tree leaves to create utensils that blend durability with functionality. All products are fully compostable, safely burnable, eco-consciously disposable, and are proudly free of any chemicals or binders.",VAGUE
"Ambesonne Travel Window Valance, Repeating Pattern with Plane Bag Camera and World Map Vintage Retro Style Print, Curtain Valance for Kitchen Bedroom Decor with Rod Pocket, 54"" X 12"", Multicolor MEASUREMENTS - 54 inches wide x 12 inches long. 1 panel valance. Decorative home accent for window.FEATURES - 2.5-inch rod pocket. Fits any type of rod up to 2.5 inches. Valances are not blackout.MADE FROM - High-quality silky satin polyester. Provides soft touch in kitchen living room bedroom.MACHINE WASHABLE - On cold delicate cycle, tumble dry low, iron on low heat. Unique. Genuine. FUN.ADDS GREAT PERSPECTIVE - Bold graphics printed with state of the art digital printing technology.Window valance for your kitchen, living room, dining room, bedroom, kids and dorm rooms. Matches well with various color palettes of curtains, rugs, furniture and any other home decor accent accessories. Made from high quality 100% polyester tight woven, Turkish made, silky satin fabric. They can be gifted to your mom, dad, sister, brother, grandma, grandpa, wife, son, daughter and other beloved ones with 10's of thousands of designs. You can also find matching curtain panels in our Amazon Collection. As manufacturers of printed home textiles, we follow current trends and bring you the latest home fashion. Environmentally friendly, no dye substance harming the health of your family. Either a present to your family, friend, relative, boyfriend, girlfriend or yourself, the item should be interesting, authentic. Men, women, kids, teens, boys or girls everybody will love them! Anyone from any profession will be thrilled by the difference these curtains bring to their house decor. Due to manual measurement, please kindly allow a 1-2 cm discrepancy. The digital images we display have the most accurate color possible, however, due to differences in computer monitors, we cannot be responsible for variations in color between the actual product and your screen. No hardware is included.",SPECIFIC
"Masilo Organic Cotton Baby Blanket with Toy for Newborn/Infant-Dohar Blanket Combo-1X Blanket, 1X Toy, Star Pink",SPECIFIC
"4 Pack Wheat Straw Dinnerware Sets Portable Cutlery , Healthy Eco-Friendly Spoon Fork Tableware Set，Creative gifts for Valentine's Day, Mother's Day, Birthday, Anniversary (4PC) Product Category: Cutlery and Chopsticks Polishing process: Ma round light Applicable people: general pattern: plain Color: Nordic rice, Nordic green, Nordic blue, Nordic pink Brand: NANAO Modern and simple: suitable for gift-giving occasions Packing specification: tableware set Wheat straw+PP Gift purposes: points for redemption gifts, advertising gifts, promotional gifts, conference gifts, promotional gifts, advertising promotions, business gifts Set list: Fork + spoon + chopsticks set Style 1 Wheat orange pole tableware Style 3 Knife, fork, spoon and wheat orange stick Style 2 Wheat orange rod knife fork spoon Wheat straw portable cutlery box set Plastic cutlery three-piece student travel set wheat cutlery ╰(*°▽°*)╯ THE 4-PIECE TRAVEL FLATWARE SET INCLUDESProper size and weight for most family. ╰(*°▽°*)╯ The cutlery is light and easy to carry. The 4-piece portable set is a must-have for daily use. Perfect for home daily use, Nice choice as a gift to your family and friends, Also Good for buffets, gatherings, dinner parties, restaurants, weddings, camping, birthday parties. ╰(*°▽°*)╯ HEALTH Sturdy enough, Will not bend or get damaged for heavy use, Durable for serving you many years, Proper thickness and rounded edges provide a well grip for both adults and children Reusable and durable for daily use. ╰(*°▽°*)╯ Used for daily meal, or take out with the case for school, work lunch or travel. Perfect gift for your family or your friends.It's healthy and eco-friendly, lightweight, no heavy metal, low carbon, degradable. Healthy life begins with healthy Flatware set!! ╰(*°▽°*)╯ Warm reminder: The product pictures are all renderings, and everything is based on the actual product. Thank you very much. I wish you a happy life and a happy shopping!",VAGUE
"Home Spaces Cotton Bamboo Bath Towels for Home, Hotel & Spa, Super Soft Absorbent Antibacterial, 30 x 60 Inches, Full Large Size (Green) What is bamboo fiber?Bamboo fiber is smooth, non-irritating and softer than the softest cotton. It makes the most luxuriously gentle towels and face cloths that are marvellous for sensitive skin. Bamboo fibre is extremely absorbent and as soft as cashmere.Natural Bamboo fiber has amazing qualities including a unique agent called “bamboo kun” which makes your Bamboo towels stay fresh and odor free between washes.Bamboo towels are★kind to your skin★super absorbent, absorbs moisture 3-4 times more than cotton★quick to dry - dries twice as quickly as cottonHow should I care for a bamboo towel?♥ Place your towels in a washing bag prior to its first laundering.♥ Launder towels with lukewarm water on delicate wash with like colors (do not ♥ add bleach) and thoroughly rinse.♥ Tumble dry no or low heat setting.♥ We do not recommend the use of fabric softeners as they tend to block the micro-gaps in the fibers leading to reduced absorbency.",VAGUE
"The Furnishing Tree Washing Machine Cover Check Black Compatible for Samsung 6.2 Kg Fully-Automatic Top Loading WA62N4422BS Made according to the dimensions of the selected best-selling models of washing machines, affordable prices and serves its purpose to the perfection, made from recycled Polyester material attractive designs with vibrant colours, Waterproof and dustproof so your machine is safe at balcony as well as bathrooms, Space for wires and pipes is available at the back.",SPECIFIC
Eco Friendly --- Waterproof Solar Powered Bluetooth Speakers (Orange) --- IP44 --- MicroSolar B2,VAGUE
"Tilley TM5 Mash-Up Hat (7 3/8, Grey) The Tilley TM5 Mash-Up Hat is flattering and functional, made of recycled yarns in hemp and organic cotton leftover from other fabric runs to create an eco-friendly speckled grey tone that will go with nearly anything. Each hat is unique, with a one of a kind blend pattern of yarn colors. The 2 5/8 inch brim at front, 2 3/4 inch brim at back and 2 1/8 inch sides give it a sleek oval shape and allows rain to slip off the back. The fabric is washable, rain proof and wind proof, crushable and packable, and the lightweight 3.9 ounces floats on water and feels like a feather. UPF 50+ sun protection and a lifetime guarantee make this a special hat for special adventures. Made in Canada, Exclusive in the U.S.",SPECIFIC
"The Mountain Shark Week Breakthrough T-Shirt, 3X-Large, Black The Mountain T Shirts are 100% cotton Tees printed with environmentally friendly water based inks. Images can be ironed over without any problems. For information such as sizes, material, washing instructions please read the full product information in the about us section of this website. The Mountain appeals to anyone who wants to be seen or just have fun with fashion. n. The Mountain is a privately owned family business on the East Coast of the USA, printing T-Shirts for over 21 years. We take our Corporate Responsibility very seriously and have the environment at heart in everything we do. The Mountain uses only environmentally friendly water-based inks and Dyes. No chemicals. Guaranteed by Oekotex 100% Certified. After hand tie dyeing and printing your garment we remove the colour from the waste water we created and pump oxygen into the waste water. This enriches the water. We then sentit to the local water treatment plant where it works harmoniously with the micro-organisms used to recycle water. When you buy a Mountain product you can rest assured that your unique t shirt or garment has been created with care and love for the environment. That is our commitment to you.",SPECIFIC
Advanced Technologies for Sustainable Development of Urban Green Infrastructure: Proceedings of Smart and Sustainable Cities 2020 (Springer Geography),VAGUE
"Luxeqo Orthoganic Flip Mattress | GOLS Certified Organic Latex | Dual-Side Firmness | Queen (78 * 60 * 8) GOLS is the highest and most widely respected Organic Certification issued for Organic Latex. Luxeqo Orthoganic Flip mattresses are made from GOLS Certified Organic Latex with Dual-Side Comfort Architecture, Soft and Plush on one side, Firm and Supportive on the other and wrapped in 100% Organic Cotton Covers. Hence the mattress is completely Non Toxic and Chemical Free with Zero Fillers & No Synthetic Blends. To be extra thorough, our certified mattresses are further certified by Oeko-Tex Class: 1 and eco-INSTITUT. Rest assured our mattresses are safe for Adults, Infants and our Planet.",SPECIFIC
"Nestroots Cake Stand with set of 2 cake servers Printed Cake cutting Holder Round Wooden Cup CakeTable Stand with stand for surprice (Mango Wood,White blue Copper,10 x10x4.5inch) ""OUR STORY: Nestroots is a dream house of design, aesthetics and elegance. We are a Home Decor Brand dealing in Decoration, Furniture, Kitchen & Dining, Tableware, Serveware & Barware products. OUR VISION: Nestroots recognizes individuality. We see you. We embrace it. We make home decor accessible and fun. OUR MISSION: Our goal is to create work that is honest and solutions that are captivating and fulfilling. We work with the belief that the journey should be just as exciting as the end result. ABOUT OUR PRODUCTS: Our designs match the best in class International Trends, our range is designed by Specialised Designers & made by Skilled Craftsman & Artisans. The raw materials are carefully picked & treated with food-grade finishes for better durability & safety, the finished products are Quality Checked by a certified & designated department. The products are individually packed ensuring the safety in transit & as per the need for E-Commerce. Our Customer Care Team is very responsive to any queries/concerns. All our products are proudly Made in India & are Sustainable & Environment-Friendly. ALSO KNOWN AS: cake stand cutting cake for party happy birthday anniversary diwali gift items for family deepawali accessories kitchen home decor diwali pooja server dining table wooden dessert holder decoration piece rotating serving tray platter kids party planner husband wife friends big size 1 kg cake center piece 2 tier 3 tier chandelier acrylic glass marble crystal cup cake muffin pizza snacks server layer mdf metal step""",SPECIFIC
"Rubber Bobbin Mount, Reliable Rubber Vibration Absorber Easy To Install for Heavy Machinery for Electronic Equipment for Air Compressor(VE20*15 M6*18) Rubber Anti Vibration Mount is suitable for shock absorbing products, automobile industry, heavy machinery, fitness equipment, electronic equipment, instrument, air compressor, diesel generator set, vibration body of motor and other power machinery to protect the normal work of the body and good surrounding environment. Simple structure, economical and suitable, five kinds of fixed installation methods, easy to install, reliable performance, neat and complete, strong optional. Anti vibration and noise reduction effect is obvious.Features:1. Anti-aging, heat resistance, tensile strength, wear resistance.2. Imported production equipment, excellent production technology, strict quality inspection, and good product quality.3. Made of high quality rubber materials, environmentally friendly, non-toxic and safe to use.4. Super shockproof structure design, tear strength ≥14Mpa, tear strength ≥45N/mm, tensile force 400%, rubber hardness tolerance ±3.5. Suitable for shock absorbing products, automobile industry, heavy machinery, fitness equipment, electronic equipment, instrument, air compressor, diesel generator set, vibration body of motor and other power machinery.Specification:Condition: 100% Brand NewItem Name: Anti Vibration Rubber MountMaterial: NR, SBR, NBR, CR, EPDM, SIL, PUQuantity: 4PCS Size: VE20*15 M6*18, VE20*20 M6*18, VE20*25 M6*18, VE20*30 M6*18 (optional) Package List:4 * Anti Vibration Rubber MountNote:1. Please allow slight error due to manual measurement. Thanks for your understanding.2. Monitors are not calibrated same, item color displayed in photos may be showing slightly different from the real object. Please take the real one as standard.",SPECIFIC
"Mystical Shapes - The Calling ? Here is a great framing project for any Native American lover. Makes a great gift!Series #4Collect all styles from your favorite artist's Assembled puzzle measures 20"" x 24"" Set includes 700 puzzle pieces High gloss image on package for referenceMade in the United StatesContains 90% recycled materialsVegetable-based inks100% Biodegradable",SPECIFIC
"The Mom Store Baby Romper Combo of 3 | 100% Cotton | Soft and Comfortable | Kids Bodysuit | Sleep Wear | Snap Buttons | Pink, Yellow and Navy | 18-24 M The cute romper with baby print is made of 100% organic cotton. It has snap buttons throughout including fastened crotch for easy nappy changes. The leg holes are open for baby's comfort. The fabric is soft and smooth and will keep your baby at ease all day!",SPECIFIC
"YETTALAN® Mens Gold Jari with Color Canal Border 100% Cotton Cream Dhoti 4.00 Meters Double Mundu/Vesti (CHOCOLATE BROWN) Yazhi Textiles: - This Kerala Traditional Dhoties are Hand-Woven by Highly Skilled Weavers of Tamil Nadu. The Dhoti size is 4.00 Meters Length and 1.30 Meter Width. This Dhoti is Made with Unbleached Cream Color Natural Fiber and 100% Cotton with Rich Flora Jari Color Canal Border. This Product is Available in Variety of Stunning Color Borders. The Cream Dhoti with Flora Jari and Color Line Border is Suitable for Traditional Festivals, Wedding Ceremony and Party Wear. Yazhi Textiles Quality of Rich Cotton Yarns Gives Rich Look and Comfort to Wear. We Ensure That Our Privileged Customers are Getting Good Quality Home Linen Product. Our Social and Environmental Commitment Only Allows Us to Use Natural Fibers Duly Processed in the Time-Tested Traditional Ways and Natural, Durable Colors Making Our Products Eco-Friendly As Well As Baby-Friendly. Natural Fibers Make the Linen Soft and Cozy. Experience the Quality and Superiority of the Hand-Spun Yarn and Hand Woven Fabrics of Looms & Weaves. This is Really Rich Material and also Good Quality from Yettalan Brand Sold by Yazhi Textiles.",SPECIFIC
"Hokafenle Mountain Moon Mouse Pad with Designs, Custom Premium-Textured & Waterproof Gaming Mouse Pads, Non-Slip Rubber Base Mousepad for Office Computers & Laptop, 9.5x7.9x0.12 Inch Hello, we are Hokafenle! Hokafenle is an independent creator brand. We create new and innovative designs that inspire our customers that help people to be organized in their everyday life. Hokafenle only focuses on high quality items. Hokafenle Personalized Square Mouse Pad - Best value mouse pads with high qualityThis high quality Personalized Custom mouse pads set is a good companion to any type of computer, and can be used for anybody, anywhere and anytime.Why You Choose Hokafenle:ORIGINAL DESIGN & CUSTOM MOUSE MAT-The patterns carefully selected by hand by our chief designer are more attractive.NON-SLIP & ECO-FRIENDLY MATERIAL-While most standard mouse pads are made of various recycled materials, ours is constructed using 100%, high-quality, all-natural rubber. WATERPROOF & WASHABLE DESIGN-Liquid stains can be cleaned with water for continuous use. And it will not fade with repeated cleaning.EXTRA SMOOTH & PRECISE TRACKING-Texture is denser with 230°F and high pressure treatment. Mouse can be quickly moved and accurately positioned on the slick surface.Product Specification:- Size: 9.5×7.9×0.12 inches / 240mm×200mm×3mm- Weight: 60g / 2.1oz- Material: Non-slip Natural Rubber Base",SPECIFIC
"Matt & Nat Mitsuko Bowling Bag, Frappe Bowling bag that can be worn crossbody with adjustable and removable strap.Top zipper closure. Interior: Zipper pocket, smartphone pocket, logo-embossed Vintage patch.100% recycled nylon lining. Dimensions: 13.5” x 9.75” x 4.5” Shoulder Strap: 19” - 23” Handle Drop: 4.5”",SPECIFIC
"ASICS Men's Noosa Tri 13 Running Shoes, Black/Sour Yuzu, 8.5 The NOOSA TRI 13 shoes are built for triathletes, but they're not the only ones who can appreciate this model. With the addition of GUIDESOLE technology, this shoe just got lighter in weight and is now designed for a wide range of runners. The NOOSA TRI 13 shoe's GUIDESOLE technology is built around a philosophy that aims to lessen the overall load placed on lower limbs by implementing a curved sole design. These elements help increase running efficiency by reducing the movement of the ankle. This technology is proven to help runners feel fresher longer, creating a smoother and more comfortable ride. The NOOSA TRI 13 shoe has FLYTEFOAM technology in the midsole, which gives the runner a lightweight feel and more cushioning for longer runs. Following a more sustainable design approach, this shoe also uses fewer resources to color the sockliner. Additionally, the AHARPLUS outsole is designed to improve durability and extend the life of the shoe. Now even lighter in weight, this triathlon shoe is functional for a variety of running workouts, including tempo runs, long training runs, and racing.",VAGUE
"BRIGHTAIL Eco-Friendly Disposable Wooden Stirrer Sticks, 4.5 Inches (Pack of 250) These Coffee Stirrer Sticks are 100% natural and bio-degradable right from its raw-material to its decomposition.",SPECIFIC
"BOGS Men's Foundation Leather Low Composite Toe Waterproof Industrial Work Shoe, Brown, 8 D(M) US The Bogs® Foundation Leather Low Comp Toe work shoe provides excellent safety toe protection and an assured feeling of stability and steadiness with every step. Style number: 72235CT. Leather upper. 100% waterproof. Traditional lace-up for a secure fit. Breathable textile lining. Features DuraFresh organic bio-technology that activates to fight unwanted odors for a fresher foot environment. Reinforced heel/toe construction for improved durability. Flex Width insole adapts to foot width. Interior Rebound technology bounces back to return energy to your foot. Asymmetric composite toe is custom built for each size and meets ASTM standards. Seamless heel outsole construction for enhanced durability. BioGrip outsole combines ASTM standard slip and chemical resistance. Composite toe meets ASTM F2412, F2413-2011 I/75 C/75, EH safety standards. Imported. Measurements: Weight: 1 lb 11 oz Product measurements were taken using size 9, width D - Medium. Please note that measurements may vary by size. Weight of footwear is based on a single item, not a pair.",SPECIFIC
"ArtzFolio Downtown Cityscape, Miami, Florida, USA Bulletin Board Notice Pin Board | Vision Soft Board Combo with Thumb Push Pins | Black Frame 23.5 x 16 inch (60 x 41 cms) Pin Board; Black Frame || SIZE: 23.5 x 16 inch (60 x 41 cms): including 0.75 inch wide Black Frame HIGHLIGHTS: Multipurpose fabric-covered cork board, pin board, notice board, soft vision board or bulletin board with an elegant frame Includes a complimentary set of thumb push pins Ideal for use in your living room, kids room, kitchen, and gallery, as well as for hotels, hospitals, schools, restaurants, offices, and reception FEATURES: Premium cork board equipped with self-healing adaptive technology ensures the board regains its shape after usage Framed, light-weight, and durable Use the board in both vertical or horizontal positions No assembly required - Pre-fitted with wall hanging hooks Engineered wood at the back for additional strength Hand-crafted, hand assembled, and made to perfection Protect from direct sunlight, dust, and moisture USAGE: Pin up your notes, reminders & to-do lists Display board for your photos & memories Hang it as a wall painting Keeps your space 100% clean and clear of paper clutter PRINTING: Breathtaking artworks printed on top fabric layer adds to its uniquely distinctive feature Premium materials printed with eco-friendly acid-free inks ensuring rich & lively colours NOTE: Product pictures are not measured to scale, meant only for display purpose Product colours may seem varying on different computers or mobile screens due to their varying display resolution",SPECIFIC
"Caspari Floral Easter Eggs Paper Cocktail Napkins, Four Packs of 20 Caspari triple-ply napkins are both striking in design and durable in function. Thoughtfully designed to elevate any occasion, they feature artwork and designs from museums and artist around the world. Each is made of triple-ply tissue and printed in Germany with non-toxic, water-soluble dyes and food-safe ink. They are FSC-certified and made using environmentally-conscious raw materials, which ensures they are both biodegradable and compostable. Our napkins bring eco-friendly style and convenience to your tabletop. 20 napkins per package.",SPECIFIC
"Burt's Bees Baby Toddler & Kids Family Jammies, Cranberry Rugby Stripe, Holiday Matching Pajamas, Organic Cotton, 2T",SPECIFIC
"ALMO Men's Comfortable 24hours Fresh Organic Cotton Trunk (Pack of 3,BlackWineWhite,S) The Almo Wear organic cotton underwear is a sustainable twist on the conventional cotton innerwear. The fabric is softer than regular cotton & has been carefully designed to adapt to your body movements so that you do not require regular adjustments.",SPECIFIC
"Cartoon Wooden Spoons Set House Warming Presents Slotted Spoon Slotted Spoons Bamboo Utensil Sets 5 Pieces Utensil Sets,Great Gift Product Description Our bamboo cooking utensils don't absorb moisture, they are very hard to stain,they'll generally won't pick up the colors of the food,even like tomato sauces. They are perfect for gifts or you can also gift them as an add-on to a bridal shower. It looks super cute on your kitchen and they’re not just for show,you can actually use them as you any other wooden spoon utensil that you have at home. Take it when you visit your old friend,be present to your parents,it’s best choice for gift when celebration. FSC/FDA Approved, 100% biodegradable and recyclable, Eco-Friendly, Food Grade Natural Lacquer For Added Protection, not color stained, lightweight and comfortable handle for stress free cooking! warm tips: Soak them in olive oil and let them dry for about 2 days before used them. The oil keeps them from staining and absorbing sauces and these will last a lot longer if they are oiled before use. CARE INSTRUCTIONS: This product is not suitable for the dishwasher. To clean, simply wash in warm, soapy water and towel dry. Do not allow bamboo products to soak in water.Never place your wooden utensils in the dishwasher. Package included: 1*solid spoon 1*slotted spoon 1*rounded folk 1*slotted spatula 1*corner spoon",SPECIFIC
Scott International Men's Organic Cotton Polo T-Shirt (AW18-SP1-XXL_Red_XX-Large),SPECIFIC
"Organic Muslin Swaddle Blanket Oliver & Rain, Newborn Baby Girl, Bold Pinks 4 Pack 100% Organic Cotton Muslin Swaddles. New and experienced moms never leave home without an organic muslin swaddle blanket for their baby girl. The perfect gift for baby showers, our large 46"" x 46"" 100% organic swaddle blanket is made from soft, lightweight, breathable muslin and there's no telling how many times these organic baby blankets will save the day for mom! It's the newborn baby essential you can't do without. Soft and breathable muslin cotton fabric keeps baby cool and comfortable year-round. These multipurpose muslin blankets are a baby essential, designed and manufactured to be silky soft, lightweight, yet strong for many uses. Made in India, these large, baby swaddle blankets are 100% organic muslin cotton, produced sustainably in a GOTS-certified factory. The oversized square style provides mom with multiple uses like stroller covers, nursing and nursery blankets, tummy time fun, or simply to be used as a classic muslin baby blanket! Our recycled packaging is sized right to minimize waste, and our soft organic cotton fabric maximizes comfort. All of our organic muslin newborn swaddles are baby-friendly and earth-friendly. Our stylish prints include cute baby-friendly animals; amazing soft colors and solid bold colors; and beautiful ornate and simple prints celebrating the Earth and its natural elements. We make baby girl swaddle blankets that are adored by parents and babies. Want to buy more than one? Make it a muslin swaddle blanket set in a two, three, four, or five-pack. Easy care products make moms happy too – all organic baby swaddle blankets are machine washable and they look great wash after wash.",SPECIFIC
Fanmats 18612 University of Kansas Roundel Mat Looking for a unique rug to decorate your home or office with? University of Kansas Roundel Mats by Sports Licensing Solutions are great show stoppers that are practical and display team pride. Made in U.S.A. 100% nylon carpet and non-skid recycled vinyl backing. Machine washable. Officially licensed. Chromojet printed in true team colors.,SPECIFIC
"Omved Hibiscus Brahmi Hair Mask - Ayurvedic Hair Pack Powder with 14 Natural Herbs for Dandruff and Itchy Scalp Treatment, 100 g Omved hibiscus Brahmi hair mask not only restores the volume of dull and lifeless hair but soothes the scalp too. This 100 percent natural and organic nourishing hair packs the goodness of Hibiscus, Pomegranate, Fenugreek, Brahmi, and Amla. Go ahead, indulge in this pack for your hair as it helps stimulate circulation, deeply conditions and restores strength and elasticity from root to tips. You will notice it makes your hair soft and lustrous.Benefits:The healthy hair pack prevents hair fall and clears dandruff too. Contents that promote good hair health:Hibiscus flowers are known to promote hair growth, stop hair fall and delay premature greying.Pomegranate seeds that are anti-oxidant in nature safeguard hair against the sun and harsh environmental elements.Brahmi provides nourishment, softens, gives hair a healthy shine and delays premature greying.Amla that is rich in vitamin c strengthens the hair roots. Fenugreek encourages hair growth and stops hair fall.INGREDIENTS:Hibiscus petals, Amalaki fruit, Yashtimadhu root, Brahmi leaf, Fenugreek, Neem, Bhringraj, Areetha, Kalonji, Pomegranate, Karpoora, Nirgundi, Anantmul, Jatamansi. 100% natural, with no added fillers, no chemicals, preservatives or artificial colours are used.Usage Instructions:Mix with water (normal/oily hair) or yoghurt or Aloe Vera gel (dry hair) into a paste. Part hair into sections and apply them onto the scalp. Massage gently into the scalp. Wrap a towel, moistened with hot water, on your head for deeper conditioning. This will open up pores and enhance penetration to the hair follicle.Leave in for 15 to 30 minutes. Rinse thoroughly. Use twice a week for best results. Follow with a natural Omved shampoo and conditioner.",SPECIFIC
"Waves Flip Flops for Women - 100% Natural Rubber Womens Flip Flops - Beach Summer Casual Thong Sandals Slippers - Ideal for by The Pool Gym Shower Beach - Fuchsia - Size 6 Made of natural Sri Lankan rubber, these stylish women's flip flops fit better, last a lot longer and feel as fab as they look. Plus, they're nontoxic, ethically sourced and 100% eco-friendly. Feel-Good Footwear You Can Feel Good About Did you know that most ladies' flip flops are made from synthetic rubber – processed with hazardous chemicals like styrene and methyl allene? These Flip Flops Are Totally Different Unlike those synthetic sandals, your Waves flip flops for women come in 100% natural rubber, absolutely free of all harmful toxic chemicals. Top to bottom, heel to toe, they're recyclable and eco-friendly. Your Waves Women's Thong Sandals Offer:Nontoxic natural rubber – safer for you and your ecosystemHigher tensile strength (which means they'll resist wear and tear)Amazing custom-fit comfort – with a flexible rubber footbed that literally molds to your feet for that fabulous ""lived in"" feelSoftly textured insole and grippy textured outsole for superior non-slip tractionCushy rubber thong, extra-comfy between your toesTrend-right 2-tone design for flattering standout style Sustainably Harvested and Ethically Manufactured All Waves flip-flop sandals are carefully crafted from a renewable resource – the sap of the rubber tree. Plus, all are expertly made by skilled Sri Lankan craftsmen working for fair and just wages in a clean and safe facility. See and Feel the Difference. Order Your Waves Rubber Flip Flops Now Plus, stock up for all the style-conscious gals on your gift list.",SPECIFIC
"Nestroots masala box for kitchen steel stylish | Masala dani spice rack containers for kitchen storage spice Organizer box with 7 Jars & Printed designer Lid ( Mango Wood Grey , 9 inch) OUR STORY: Nestroots is a dream house of design, aesthetics, and elegance. We are a Home Decor Brand dealing in Decoration, Furniture, Kitchen & Dining, Tableware, Serveware & Barware products. OUR VISION: Nestroots recognizes individuality. We see you. We embrace it. We make home decor accessible and fun. OUR MISSION: Our goal is to create work that is honest and solutions that are captivating and fulfilling. We work with the belief that the journey should be just as exciting as the end result. ABOUT OUR PRODUCTS: Our designs match the best in class International Trends, our range is designed by Specialised Designers & made by Skilled Craftsman & Artisans. The raw materials are carefully picked & treated with food-grade finishes for better durability & safety, the finished products are Quality Checked by a certified & designated department. The products are individually packed ensuring the safety in transit & as per the need for E-Commerce. Our Customer Care Team is very responsive to any queries/concerns. All our products are proudly Made in India & are Sustainable & Environment-Friendly. ALSO KNOWN AS: masala box Dabba for kitchen spice jars container Diwali gift items accessories deepawali gift home kitchen decor gift for family round brass copper plating with rack accessories stainless steel masla powder storage wooden masla box sheesham rectangular fancy unique table top mouth freshner dry fruits set""",SPECIFIC
